student_id,student_name,date_of_brith,sex,job_id,num_course_taken,current_career_path_id,timespent_on_course_in_hrs,mailing_address,email
26,Doug Browning,1970-06-08,M,7,"",5,1,"P.O. Box 15845, Devine, Florida, 23097",doug7761@inlook.com
27,Damon Schrauwen,1953-10-31,M,4,"",10,3,"P.O. Box 84659, Maben, Georgia, 66137",damon9864@woohoo.com
52,Alisa Neil,1977-05-28,F,5,"",8,22,"16 View Annex, Mosses, North Dakota, 25748",alisa9616@inlook.com
71,Chauncey Hooper,1962-04-07,M,3,"",3,3,"955 Dewy Flat, Slaughterville, South Carolina, 22167",chauncey6352@woohoo.com
81,Ellyn van Heest,1984-06-28,F,3,"",10,12,"872 Cider Glade, Chicken, Delaware, 42689",ellyn_vanheest8375@hmail.com
97,Moises Krekel,2004-06-15,M,8,"","","","455 Silent Smith, Radium Springs, North Carolina, 29278",moises_krekel5984@woohoo.com
140,Charlie Semvoort,2004-03-06,N,8,"",5,5,"76 Dewy Quail, Whitesburg, South Carolina, 24297",charlie8186@inlook.com
150,Lindsey Mcclain,1972-11-30,N,6,"",9,21,"751 Robin Highlands, Hurlock, Tennessee, 33406",lindsey_mcclain8692@woohoo.com
158,Ching Rijkensz,1988-02-17,N,3,"",7,2,"471 Timber Arbor, Oaks, Texas, 84192",ching_rijkensz6414@hmail.com
203,Bettie Torres,1973-06-05,N,6,"",9,6,"457 SW Valley, New Madison village, South Carolina, 78280",bettie_torres6037@hmail.com
210,Clyde Benskoop,1989-06-23,M,7,"",7,0,"P.O. Box 41382, Kerr, Missouri, 39252",clyde2794@coldmail.com
225,Bettina Fry,1971-01-12,F,2,"",2,16,"646 Foggy First Passage, Moose Wilson Road, Missouri, 93096",fry3064@hmail.com
232,Cecil Blankenship,2001-11-18,M,4,"",4,19,"P.O. Box 45893, Whitsett, North Carolina, 04591",cecil_blankenship495@woohoo.com
253,Lenore Ferdinandus,1988-11-30,N,1,"",2,9,"878 Grove Plaza, Wanblee, Minnesota, 33309",lenore_ferdinandus3024@hmail.com
259,Shizuko Singh,1973-04-02,F,5,"",5,2,"73 E River Canyon, Burr village, Alabama, 70293",shizuko9784@hmail.com
282,Christinia Meyers,1973-03-06,F,4,"",8,4,"84 Gentle Rabbit Street, Corinne, Wyoming, 91649",meyers190@hmail.com
287,Madlyn Castro,1944-08-26,N,4,"","","","P.O. Box 26418, Rock River, Louisiana, 35101",castro932@coldmail.com
297,Archie Komen,1973-03-27,M,6,"",9,17,"629 Ford Vista, Grand Acres, Utah, 87165",archie9532@woohoo.com
319,Hilde Mclean,1992-01-27,F,3,"",4,6,"74 Shady Circle Passage, Tradewinds, Alabama, 72597",mclean2890@inlook.com
333,Lauralee Crane,1989-11-27,F,5,"",8,15,"33 Dewy Narrow, Glen Ellyn village, Mississippi, 17831",crane1282@hmail.com
334,Elida Bruce,1962-03-03,F,5,"",6,20,"526 Bright Fifth Junction, Long Creek village, Connecticut, 34368",elida_bruce6057@inlook.com
344,Titus Gaines,1989-01-30,M,6,"",6,13,"611 Lazy Canyon, Murtaugh, South Dakota, 20744",gaines3561@hmail.com
355,Vanda Goff,1958-07-08,F,1,"",2,4,"P.O. Box 56537, Parker Strip, Arkansas, 89002",goff3042@hmail.com
390,Kathryne Matse,1959-07-08,F,6,"",3,9,"120 Seventh Ramp, Ten Broeck, Michigan, 51422",kathryne_matse6292@inlook.com
402,Scotty Wiley,1975-03-16,M,7,"",9,7,"201 Easy Wintergreen, New Holland village, Illinois, 79676",wiley664@hmail.com
415,Sherie Roberts,1942-12-29,F,2,"",5,7,"472 Quaking Haven, Trowbridge Park, Oregon, 41315",sherie_roberts8692@hmail.com
441,Neomi Hayes,1944-11-07,F,6,"",2,6,"300 Fallen Cliff, Ochlocknee, Alabama, 45483",hayes9297@coldmail.com
491,Adah Keiman,1942-03-27,F,6,"",1,5,"818 Quaking Fillmore Crest, Slab, Louisiana, 03493",adah5388@coldmail.com
492,Shayne Hardin,1945-09-05,M,4,"",4,13,"P.O. Box 27566, Babson Park, Delaware, 83958",shayne8259@inlook.com
500,Wilda van Linden,1967-11-02,F,2,"",9,14,"P.O. Box 67661, La Fayette village, Kansas, 32164",wilda702@hmail.com
502,Jamila Golden,1959-10-08,F,1,"",2,5,"P.O. Box 28525, Lone Pine, Connecticut, 28474",jamila7038@hmail.com
514,Eula Lindsay,1960-06-01,N,3,"",2,17,"392 Barn Mount, Prague, Michigan, 60870",eula_lindsay549@woohoo.com
521,Will Heuvel,1973-06-18,M,6,"",3,5,"384 N Squaw, Sangrey, Georgia, 93046",will7224@woohoo.com
530,Harvey Myers,1948-11-19,M,5,"",7,23,"483 Rocky Annex, Blackstone, Minnesota, 69879",harvey1051@woohoo.com
544,Sherwood van Welij,1946-12-28,M,2,"","","","393 Rustic Barn Edge, Richview village, New York, 86800",sherwood8992@coldmail.com
550,Scottie van Imbyze,1985-10-17,M,4,"",5,11,"468 Crystal Washington, Masury, New Mexico, 83294",scottie_vanimbyze2936@inlook.com
589,Lenny Arellano,1965-02-03,M,6,"",9,27,"P.O. Box 26008, Stedman, Maine, 35061",arellano8558@inlook.com
602,Florencio de Bruin,1977-04-17,M,7,"",5,17,"164 NW Causeway, Byromville, New York, 58262",florencio1371@inlook.com
603,Kellie Golden,1974-09-20,F,1,"",9,14,"951 Stream Vale, Quitman, Iowa, 04931",kellie_golden3127@hmail.com
605,Chantay James,1950-12-21,F,3,"",6,12,"662 Jagged Inlet, Elberon, South Carolina, 93348",chantay_james2476@hmail.com
663,Beau Murphy,1992-11-19,N,7,"",1,0,"943 N Lake Crossing, Port Graham, Connecticut, 12795",beau_murphy3561@inlook.com
669,Tana Harrington,1994-05-30,F,1,"",2,7,"602 Misty Mount, Piney Point Village, South Carolina, 60882",tana4262@woohoo.com
690,Cherrie Hunt,1990-01-26,F,1,"",2,1,"160 Amber Circle, North Edwards, Maryland, 59786",cherrie2492@woohoo.com
726,Jesus Washington,1967-07-24,M,4,"",8,7,"P.O. Box 91643, Park River, Idaho, 78952",jesus_washington5197@inlook.com
787,Adaline Higgins,1973-09-10,F,1,"",10,14,"446 W Panda, Lake Purdy, North Dakota, 04346",higgins8490@hmail.com
809,Maurice Gay,2002-02-26,M,8,"",5,11,"P.O. Box 79645, Gwinner, Oregon, 04915",gay5705@hmail.com
902,Treasa Verrips,1956-03-13,F,7,"",7,15,"88 Bluff Drive, Shamrock Lakes, Ohio, 56503",treasa8720@hmail.com
924,Kaitlin Schutter,1985-02-26,F,1,"",9,7,"795 Noble Jetty, Andalusia village, Kentucky, 51238",kaitlin_schutter5451@inlook.com
934,Garfield Charles,1961-03-02,M,6,"",7,15,"246 Jagged Parade, Flying Hills, South Carolina, 35159",garfield8997@woohoo.com
938,Cary Conijn,1977-10-03,N,6,"",9,4,"24 SW Cloud, Costa Mesa, Pennsylvania, 85586",cary815@woohoo.com
950,Clay Leon,1942-05-20,N,6,"",5,7,"813 Quaking Forge Manor, Angola village, Minnesota, 95671",leon6449@woohoo.com
1028,Garth Mulder,2004-05-16,M,8,"",3,11,"384 NW Autumn Underpass, Wapato, Kentucky, 13241",garth7531@woohoo.com
1029,Jeanette van Isendoorn,1978-01-16,F,7,"",1,18,"P.O. Box 27662, Biehle village, New Hampshire, 01357",vanisendoorn3198@hmail.com
1045,Carri Strong,1992-12-05,F,2,"",7,15,"781 Gate Glen, St. Matthews, Maine, 47985",strong6897@hmail.com
1065,Todd Becker,1943-03-21,M,4,"",4,25,"834 Cotton Washington Arbor, Reynolds, New Mexico, 12802",todd_becker9873@hmail.com
1113,Adan Hale,1985-05-15,N,4,"",4,17,"721 Crystal Falls, Paraje, Georgia, 88702",hale6265@coldmail.com
1125,Yong Roberson,1947-11-24,N,7,"",3,7,"729 Grand Beach, Paoli, Idaho, 69197",yong_roberson7644@woohoo.com
1179,Buck Mathews,1965-10-09,M,7,"",2,4,"568 Timber Ramp, Wabash, Utah, 66758",mathews2092@inlook.com
1180,Cathrine Franklin,1999-12-20,F,4,"",2,19,"810 Burning Vista, Hampton borough, Maryland, 69744",franklin9763@hmail.com
1209,Raleigh Chambers,1963-06-24,N,1,"",5,3,"485 Tawny Terrace, Fernandina Beach, Nebraska, 94357",raleigh_chambers7824@hmail.com
1225,Rana Harding,1999-06-10,F,1,"","","","463 Lazy Fort, Moapa, New York, 38136",rana2826@woohoo.com
1227,Pearl Pael,1982-06-16,F,4,"",7,7,"198 Center Approach, Woodland Heights, Connecticut, 35628",pael1850@coldmail.com
1233,Mona Amptman,1958-01-13,F,6,"",4,11,"637 S Panda, Red Chute, Vermont, 39529",amptman1794@hmail.com
1273,Louella Hemen,1984-06-05,F,3,"",3,12,"732 Colonial Anchor Track, Murrieta, West Virginia, 09976",hemen3375@hmail.com
1276,Margareta Larsen,2000-01-19,F,4,"",9,1,"665 Amber Park, Newburyport, Texas, 22874",margareta_larsen162@woohoo.com
1292,Brady Ruys,2003-04-13,M,8,"",2,18,"195 Honey Station, Pembroke, Indiana, 99088",ruys2484@woohoo.com
1295,Lacy Dickerson,1983-11-09,N,1,"",2,2,"P.O. Box 44842, Western village, Kentucky, 71160",lacy_dickerson4966@woohoo.com
1301,Kandis Reilly,2003-09-02,F,8,"",4,13,"P.O. Box 91281, Stonewood, Indiana, 10716",kandis_reilly6950@hmail.com
1317,Freeman Holcomb,1981-04-10,N,2,"",10,0,"294 Fallen Mountain Vale, Pine Lake, Maryland, 83946",holcomb2753@hmail.com
1327,Gussie Marquez,1955-05-27,N,2,"",1,7,"P.O. Box 86507, Lanesboro borough, Wisconsin, 51861",marquez4752@hmail.com
1357,Clemente Dougherty,1972-01-30,N,6,"",9,31,"171 Silent Cliff Parade, Clemson, Colorado, 29219",clemente5050@hmail.com
1378,Tanya Elliott,1945-01-26,F,5,"","","","421 Iron Timber Bayoo, Western village, Oklahoma, 91768",tanya427@hmail.com
1387,Irmgard Tucker,1991-08-15,F,2,"",1,20,"P.O. Box 42542, Layton, Mississippi, 55625",irmgard2029@woohoo.com
1396,Joni Blair,1974-12-20,F,3,"",9,30,"P.O. Box 57095, Everly, West Virginia, 35281",joni_blair617@inlook.com
1419,Rich England,1957-05-28,M,7,"","","","P.O. Box 87945, Maryhill, Georgia, 05353",england1077@woohoo.com
1438,Iesha Waters,1953-02-26,F,7,"","","","582 Round View, Hallsville, Alabama, 26955",waters8065@woohoo.com
1471,Elouise Ray,1950-04-05,F,3,"",5,8,"511 Quaking Richmond, Lucama, New Mexico, 13180",elouise324@inlook.com
1512,Levi Montgomery,1959-06-17,M,4,"",9,9,"P.O. Box 63027, Glenns Ferry, Iowa, 16226",montgomery5889@woohoo.com
1537,Jonah van der Peijl,1958-02-03,M,7,"",8,9,"300 Colonial Motorway, Forest Oaks, Oklahoma, 60791",vanderpeijl57@hmail.com
1581,Jonas Moyer,1952-11-08,M,2,"",4,5,"P.O. Box 26081, Shady Point, South Dakota, 31250",jonas3061@woohoo.com
1586,Delinda Muir,1978-04-01,F,6,"",1,16,"P.O. Box 15497, Hagan, New York, 07312",delinda4052@inlook.com
1629,Clemente Wiggins,1967-10-14,N,4,"",6,1,"138 Tawny Richmond, Lawton village, Minnesota, 18293",clemente_wiggins9024@coldmail.com
1646,Robbi Hobbs,1964-08-09,F,4,"","","","287 Cozy Log Place, Doerun, Colorado, 92375",hobbs393@inlook.com
1660,Tim Salas,1993-09-19,M,6,"",10,7,"667 Club Manor, Fort Hancock, Wisconsin, 35835",tim8400@woohoo.com
1669,Elfrieda Sam,1968-10-30,F,6,"",8,14,"428 Crystal Shore, Iroquois, Virginia, 26704",sam2398@hmail.com
1686,Cliff Wijnslagers,1954-01-11,M,6,"",8,24,"492 Nectar Lane, Leith, Kansas, 52641",cliff6488@woohoo.com
1709,Rosemarie Andrews,1992-03-11,F,1,"",2,15,"806 Little Driveway, North Bay village, Wisconsin, 64668",rosemarie6450@woohoo.com
1737,Shelton Thomson,1980-06-18,M,7,"",3,4,"955 Well Pathway, Iberia, Nevada, 01550",shelton_thomson1785@coldmail.com
1799,Jinny Oosthuijzen,1953-12-22,F,2,"",1,5,"653 Heather Richmond, Zephyrhills North, Georgia, 36830",jinny_oosthuijzen8631@woohoo.com
1817,Pearl Poot,1973-03-08,F,4,"",5,18,"732 Hill Junction, Hobe Sound, North Dakota, 49046",poot8241@inlook.com
1825,Gidget Hijbertsz,2001-01-08,F,7,"",4,15,"139 Hazy Log, Seven Devils, Alabama, 82344",gidget3333@inlook.com
1826,Douglas Mckenzie,1957-12-26,N,1,"",10,6,"300 W Ninth Promenade, Rocky Ridge, Wyoming, 50103",douglas3468@woohoo.com
1857,Terrie Bauw,1956-08-16,F,7,"",4,7,"832 Bright Path, Rumson borough, Virginia, 93170",bauw8007@coldmail.com
1866,Nobuko Bright,1992-10-26,F,6,"",4,13,"577 Richmond Square, Arion, Maine, 94372",nobuko4725@hmail.com
1893,Tamara Lounsborough,1953-12-20,F,2,"",5,15,"P.O. Box 45275, Greenback, Oklahoma, 00296",tamara5435@woohoo.com
1914,Loree Tjerks,1985-01-03,F,3,"",6,13,"947 Course Terrace, Bancroft, North Dakota, 14958",loree_tjerks6087@woohoo.com
1915,Broderick Greer,1963-10-15,M,3,"",2,13,"414 Silent Fillmore, North San Pedro, Wyoming, 86389",broderick_greer8512@hmail.com
1948,Valentine van Es,1981-01-03,F,7,"",6,9,"527 Fallen Hickory Parade, Kerhonkson, North Dakota, 27163",valentine_vanes9907@woohoo.com
1959,Kelle Sloof,1949-07-01,F,4,"",1,6,"682 Pleasant Willow Corner, Virgil village, Virginia, 70103",kelle8437@inlook.com
1963,Eddie Chandler,1956-08-16,N,5,"",1,5,"830 Fawn Ledge, Pipervillage, Pennsylvania, 62839",eddie470@coldmail.com
2005,Robin Krekel,1967-07-12,F,5,"",5,5,"297 Crescent Annex, Azure, Michigan, 20511",robin8591@hmail.com
2011,Verdell van Bolswaerd,1984-01-19,F,3,"",2,15,"43 Fallen Center, Highland Mills, North Dakota, 56730",verdell_vanbolswaerd9585@inlook.com
2027,Max Bogaart,1972-03-20,M,6,"",8,14,"395 Cotton Autumn, Yuba, North Carolina, 69697",max_bogaart4749@coldmail.com
2030,Keena Avery,1992-01-21,F,1,"",4,2,"966 Panda Canyon, Royal Center, North Carolina, 46591",avery8288@inlook.com
2071,Teresa Kirk,1966-04-23,F,7,"",10,10,"P.O. Box 56960, Eufaula, New Mexico, 39935",teresa_kirk6851@hmail.com
2089,Patrina Austin,1951-02-07,N,5,"",8,2,"526 Tawny Nectar Throughway, Duchesne, California, 93738",patrina_austin9317@coldmail.com
2121,Dani van Welderen,2001-05-15,F,5,"",3,11,"993 Kennedy Mews, Rural Hill, Colorado, 32444",dani4955@woohoo.com
2158,Raul Perry,1968-04-04,N,2,"",4,16,"P.O. Box 86101, Parowan, Arizona, 90007",raul_perry1449@hmail.com
2208,Nubia Olson,1995-07-10,F,5,"",4,13,"658 Lazy Branch Ledge, Church Rock, North Dakota, 40430",nubia_olson1306@hmail.com
2220,Roni Lorgion,1996-04-09,F,5,"",6,0,"177 Iron Promenade, Olean, Illinois, 79885",roni3008@inlook.com
2221,Lincoln Mckee,1964-12-23,M,5,"",3,10,"P.O. Box 81357, Chalfont borough, Michigan, 52815",lincoln4009@woohoo.com
2223,Spencer van Hoorn,1988-12-22,M,5,"",4,14,"143 Easy Squaw Trafficway, Graysville, Oklahoma, 05534",spencer1621@woohoo.com
2226,Denny Watt,2004-06-30,M,8,"",1,14,"323 Old Forest, Alicia, Virginia, 07311",denny7025@coldmail.com
2263,Gertrud Michael,1948-07-16,N,6,"",6,8,"595 Rocky Dale, Heilwood, North Carolina, 73347",michael6449@hmail.com
2267,Kerry Mays,1971-12-03,M,4,"",4,15,"637 Amber Fourth Jetty, Placerville, California, 76432",kerry_mays2814@woohoo.com
2312,Arlyne Hammond,1945-12-28,N,4,"",10,13,"872 N Berry, Hewitt, North Carolina, 10748",arlyne_hammond1412@inlook.com
2314,Zelma Walsh,1980-02-20,F,2,"",9,18,"24 Richmond Mill, Utica village, Michigan, 45801",zelma_walsh1611@hmail.com
2315,Dorene Shea,1953-12-05,N,2,"",1,13,"543 Wishing Inlet, Papineau village, Oregon, 99044",shea6606@hmail.com
2403,Rodney van Arkel,1963-06-19,N,7,"",3,1,"72 Richmond Plain, Gum Springs, Idaho, 87927",vanarkel1860@woohoo.com
2409,Lisette Hood,1978-06-30,F,5,"","","","717 Silent Point, Weigels, Colorado, 92284",hood6710@inlook.com
2413,Ellena Villarreal,1961-02-20,F,3,"",10,1,"P.O. Box 30741, Seligman, South Carolina, 66985",ellena_villarreal6299@inlook.com
2420,Adolph Rose,1950-06-09,M,7,"",10,10,"P.O. Box 98400, Mapleton borough, Maine, 62914",adolph_rose205@woohoo.com
2431,Junie Burnett,1983-12-10,N,3,"",3,9,"173 Thunder Fourth, Deer Lodge, New Hampshire, 02850",junie_burnett7183@woohoo.com
2440,Royce Lloyd,1994-02-26,M,2,"",3,0,"835 Green Tunnel, Remy, Vermont, 40940",royce_lloyd7975@inlook.com
2443,Thomasine Orozco,1971-12-04,F,5,"",6,1,"137 Hidden Fork, Monon, Mississippi, 51208",orozco2378@hmail.com
2445,Jame Huig,1953-08-22,N,3,"",5,10,"134 Main Parkway, Wichita Falls, Pennsylvania, 23778",jame8203@woohoo.com
2454,Diedra Keller,1958-08-12,N,1,"",5,0,"82 Silver Pine Row, Maplesville, Connecticut, 54967",keller428@woohoo.com
2459,Candyce Cline,1992-04-26,F,2,"",8,26,"96 Jagged View, Arizona Village, New Hampshire, 44122",candyce1392@inlook.com
2471,Annetta Guthrie,1958-12-01,F,3,"",9,19,"902 SE Log, Cullison, Connecticut, 91659",annetta5531@inlook.com
2480,Wonda Frank,1967-12-14,F,7,"",4,20,"P.O. Box 52455, Arcadia, Illinois, 41513",frank5620@inlook.com
2486,Concetta Sechel,2003-01-20,F,8,"",7,24,"254 Green Bear Union, River Forest, Ohio, 30820",concetta4684@hmail.com
2490,Kristine Bowman,1993-02-13,N,6,"","","","749 Wishing Quail, Melba, Connecticut, 59815",kristine6671@hmail.com
2501,Milissa Wheeler,1948-07-24,N,4,"","","","503 SW Barn, Horseshoe Bay, South Carolina, 14534",milissa_wheeler6566@woohoo.com
2506,Douglas Nash,1988-04-10,M,1,"",3,6,"257 Silver Parade, Webberville village, Georgia, 07086",douglas_nash223@woohoo.com
2511,Marylou Cantu,1947-06-07,N,2,"","","","703 Clear Isle, Sanctuary, Montana, 58310",cantu8282@woohoo.com
2565,Virginia van Rosmalen,1951-04-26,F,2,"",4,8,"649 River Lane, Cannon Falls, Wyoming, 42746",virginia8241@inlook.com
2568,Lara Daniels,1970-12-30,F,6,"",10,14,"679 Crystal Zephyr, Emmaus borough, Ohio, 27650",lara736@inlook.com
2594,Allan Lowe,1995-02-04,M,2,"",6,7,"516 Kennedy Arcade, Pleasant Groves, Michigan, 07358",allan_lowe9462@woohoo.com
2625,Fritz Heineke,1984-10-23,M,3,"",6,8,"501 Iron Hill, San Felipe, South Carolina, 63850",heineke8875@woohoo.com
2660,Luciano Crane,1943-10-22,M,5,"",3,11,"230 Fawn Pathway, Federal Dam, Kentucky, 75712",luciano_crane2799@hmail.com
2661,Myrna Flynn,1962-01-05,F,4,"","","","839 Crystal Fort Underpass, Rowena, Wisconsin, 28506",flynn7839@woohoo.com
2729,Charita Gaines,1942-08-06,F,2,"",10,12,"193 Gate Junction, Simsbury Center, Oklahoma, 70773",charita2488@inlook.com
2796,Austin Brandt,1999-07-21,M,7,"",3,10,"578 Hidden Third Run, Rozel, Arkansas, 23528",austin_brandt1268@hmail.com
2798,Archie Reed,1945-01-25,M,6,"",6,15,"821 Round Corner, Santa Claus, Florida, 87379",archie1228@woohoo.com
2819,Bree Castaneda,1973-10-22,F,4,"",5,0,"157 Easy Fox, Parmele, Utah, 66077",bree182@inlook.com
2830,Nicolle van Zijderveld,1985-04-09,N,4,"",9,8,"610 E Maple, McCausland, California, 41804",vanzijderveld7482@hmail.com
2834,Barrett Robles,1972-06-25,M,5,"",2,5,"1 Quiet Parkway, McKean borough, Nebraska, 15339",barrett1963@hmail.com
2839,Hobert Deutschmann,1981-08-01,M,1,"",3,9,"321 Cinder Mountain, Swan, Arizona, 77757",deutschmann3659@inlook.com
2844,Ileana Bruce,1985-12-28,N,7,"",9,22,"531 Crystal Richmond Driveway, Elkridge, Nebraska, 76136",bruce3196@inlook.com
2898,Angelika Komen,1942-11-19,N,7,"",5,6,"512 Bright Panda Avenue, Huntsville village, Illinois, 95683",angelika8987@hmail.com
2907,Felix Sosa,2003-04-21,M,8,"",6,9,"382 Main Beach, Castle Point, South Dakota, 53795",felix_sosa4896@inlook.com
2926,Kathline de Vos,1982-09-04,F,6,"",1,13,"596 Sleepy Mountain, Troup, Virginia, 74399",kathline_devos7602@hmail.com
3001,Dede Escobar,1955-04-21,F,4,"",4,6,"632 Cozy Cloud, Chalco, Alabama, 37787",dede9516@coldmail.com
3062,Shante Barrett,1994-10-30,F,4,"","","","287 Clear Smith Driveway, Candler-McAfee, Montana, 08330",barrett5914@woohoo.com
3075,Yasmin Duran,1970-03-06,F,1,"",5,18,"438 Tawny Mission, Fort Washakie, Wyoming, 66720",yasmin_duran1490@hmail.com
3141,Joana Todd,1959-09-10,F,4,"",3,0,"772 Silver Hickory, Kewaskum village, Kentucky, 42561",joana8126@hmail.com
3166,Eugenie Klink,1993-05-04,F,7,"",9,6,"12 Blue Throughway, Van, North Dakota, 16290",eugenie_klink2149@inlook.com
3168,Beula Veltkamp,1970-09-01,F,6,"",3,7,"703 Hazy Fourth, Marion Center, South Carolina, 99753",beula_veltkamp3086@hmail.com
3184,Kaye Lindsay,1943-07-17,F,2,"",1,11,"799 Colonial Essex, Oblong village, Alaska, 15473",lindsay6010@inlook.com
3223,Salvador Talley,1980-10-09,M,4,"",6,11,"P.O. Box 61702, Shishmaref, Michigan, 32311",talley4133@inlook.com
3240,Orval Frederick,1946-09-29,M,4,"",7,16,"P.O. Box 76632, Remy, Alaska, 67909",orval_frederick7689@woohoo.com
3270,Harrison Liu,1996-03-24,M,7,"",6,16,"949 Cotton Panda Underpass, Freeland borough, Washington, 03118",harrison9753@inlook.com
3277,Lyndia Brady,1948-11-26,F,1,"",4,9,"815 Shady Freeway, Farmington, Hawaii, 40690",lyndia1235@woohoo.com
3283,Dale Velthuis,1980-06-23,M,7,"",7,23,"36 Shady Fourth Landing, Forman, North Dakota, 98322",dale_velthuis7424@woohoo.com
3351,Frances van Everdingen,1950-10-07,N,1,"",10,11,"215 S Pine, Tustin, Minnesota, 81022",frances_vaneverdingen8672@woohoo.com
3392,Santina Both,1942-08-25,F,2,"",7,9,"P.O. Box 42707, Tutuilla, Wyoming, 00236",santina3594@hmail.com
3435,Lashanda Hamerling,1956-09-21,F,6,"",8,18,"P.O. Box 92343, Robertsdale, South Carolina, 52043",lashanda_hamerling2351@inlook.com
3440,Samuel Hayden,1950-06-10,M,3,"","","","515 Crystal Rise, The Plains, New Hampshire, 02656",samuel3176@woohoo.com
3468,Shane van Gessel,1965-09-14,M,6,"",8,4,"260 Merry Forge, Fort Mitchell, Wisconsin, 60968",shane1769@coldmail.com
3553,Manuel Ploegh,1977-10-09,M,1,"",1,15,"47 Middle Oak, Summerside, Maryland, 92826",manuel4713@woohoo.com
3580,Donnell van Helten,1961-02-26,M,2,"",6,12,"532 Harvest Ford Way, Murphys, New York, 37377",donnell4726@inlook.com
3588,Jestine de Rek,1948-11-12,N,2,"",1,0,"279 SW Elk, Potomac village, North Carolina, 36153",derek8819@woohoo.com
3592,Florentino Alvarez,1996-06-22,N,1,"",5,0,"P.O. Box 31425, Montello, Maine, 17786",alvarez8648@woohoo.com
3607,Doyle Immertsen,1978-07-01,N,5,"",10,15,"876 Fallen Circle Estate, Piney Point Village, Iowa, 36741",doyle3882@woohoo.com
3634,Camellia Miles,1994-11-25,F,2,"",7,21,"756 Cedar Grove Trail, Endwell, Minnesota, 07135",camellia_miles4738@coldmail.com
3658,Rodger Siteur,2002-01-09,M,8,"",4,11,"P.O. Box 27043, Kennard village, North Carolina, 06774",rodger4160@woohoo.com
3665,Lorenzo Fischer,1989-06-30,M,7,"",1,19,"513 Goose Parkway, Keota, Kentucky, 87002",fischer4285@inlook.com
3666,Ricky Carpenter,1983-06-27,M,4,"",2,8,"120 Wishing Place, Decatur, New Mexico, 11033",ricky_carpenter8719@inlook.com
3723,Lena van Helden,1961-12-10,F,3,"",1,11,"197 Bright Zephyr, Markham, Georgia, 99426",lena_vanhelden3325@hmail.com
3738,Vicky Carson,1945-04-21,N,6,"",5,0,"237 Hidden Stream, Wrangell, Kansas, 58741",vicky3535@woohoo.com
3745,Gregorio Justice,1943-01-11,M,4,"",6,7,"306 Easy Course, Heckscherville, Virginia, 79004",gregorio1441@hmail.com
3768,Lynetta Powell,1956-07-23,F,6,"",8,16,"27 High Square, Park Rapids, Montana, 33316",lynetta9380@woohoo.com
3778,Nadene Randall,1980-10-07,F,7,"",10,13,"611 Hazy Oak Farms, Upper Lake, Indiana, 89635",nadene2409@inlook.com
3811,Doyle Hasselman,2001-05-31,M,3,"",3,1,"820 Rocky Rise Gateway, Malone, Indiana, 44886",hasselman8834@woohoo.com
3854,George Malone,1962-04-15,N,5,"",5,1,"382 Main Haven, Willow Hill village, Kentucky, 29959",malone7344@woohoo.com
3864,Tonisha Muir,1957-10-06,F,5,"",4,24,"P.O. Box 31544, North Beach Haven, Utah, 55124",tonisha_muir5760@hmail.com
3889,Stacie Dirks,1948-06-01,N,6,"",9,21,"P.O. Box 98110, Ludowici, Pennsylvania, 79394",dirks6518@hmail.com
3920,Gail Esparza,1985-12-19,F,2,"",4,22,"481 Cozy Wagon, Villisca, New Mexico, 82004",gail_esparza1508@woohoo.com
3921,Byron de Jager,1946-03-04,M,7,"",8,11,"552 Cedar Hickory Ledge, Lorena, Idaho, 48019",byron_dejager6960@inlook.com
3934,George Kemp,1981-06-21,M,2,"",5,13,"P.O. Box 11942, Yoe borough, South Carolina, 03388",george5236@inlook.com
3935,Yanira van Munster,1959-02-09,F,2,"",9,17,"P.O. Box 62130, Callaway village, Florida, 90182",yanira5372@hmail.com
3939,Mary Thompson,1971-07-16,M,2,"",10,7,"935 Tawny Beacon, Elm Creek village, South Dakota, 03243",thompson6205@hmail.com
3945,Anissa Taets,1948-10-17,F,4,"",6,9,"129 Eighth Court, Wellsburg, Arkansas, 32153",taets9941@woohoo.com
3946,Reuben Stein,1985-08-07,N,5,"",1,18,"561 Forest Divide, Thomasboro village, Iowa, 73746",reuben5671@woohoo.com
3993,Curt Fritz,1954-01-22,M,7,"",8,6,"393 Leaf Viaduct, Bountiful, Arizona, 00064",fritz1329@hmail.com
3995,Christinia Herfkens,1951-10-23,F,5,"",3,10,"26 Grand Stravenue, Atwood borough, Massachusetts, 41103",herfkens5572@inlook.com
4009,Stewart Brock,1989-12-11,N,3,"",5,11,"433 Burning Lake Ramp, Leipsic village, Virginia, 62316",brock9903@hmail.com
4035,Malia Kirk,1983-08-07,F,7,"",1,11,"244 Hidden Autumn Walk, Corning village, South Dakota, 62766",malia7221@woohoo.com
4053,Darell de Moor,1990-06-28,N,6,"",4,12,"P.O. Box 24967, Westlake Village, North Dakota, 94079",darell1931@inlook.com
4079,Ailene Haak,1972-12-01,F,4,"",9,25,"992 Sleepy Fort, North Fort Myers, Minnesota, 48040",haak3742@hmail.com
4092,Sheryll Sykes,1959-03-12,N,2,"",7,11,"315 Round Log, Reid Hope King, New Mexico, 83853",sheryll6186@inlook.com
4115,Leonila Tran,1966-12-24,N,3,"",10,12,"762 Robin Trafficway, Akutan, Texas, 30501",leonila3877@hmail.com
4119,Aretha Dunn,1943-10-12,F,6,"",3,11,"P.O. Box 91586, Buhler, Oklahoma, 03326",aretha2099@woohoo.com
4144,Shayne Tyson,1958-05-12,M,3,"",3,0,"179 Tawny Crossing, Edgar Springs, New Hampshire, 94134",shayne_tyson5151@woohoo.com
4174,Susie Haas,2001-11-02,F,5,"",2,1,"12 Indian Pony, Rhodhiss, Massachusetts, 08531",susie7983@woohoo.com
4186,Alva Paton,1989-05-10,M,5,"",4,15,"P.O. Box 29670, Belle Terre village, South Dakota, 59963",alva7369@coldmail.com
4189,Karl Jensen,1956-03-07,M,1,"",6,1,"326 Rapid Isle, Crocker, Delaware, 39730",jensen7@hmail.com
4195,Evelia Villa,1983-02-28,N,3,"",4,12,"496 Colonial Cliff Trail, Ashley Heights, Montana, 41251",villa1787@woohoo.com
4225,Christopher Fuentes,1972-01-22,N,6,"",9,32,"P.O. Box 37797, Turlock, New Hampshire, 86036",fuentes741@inlook.com
4241,Nellie de Boef,1953-07-12,N,2,"",2,2,"762 Golden Chase, Hudsonville, New York, 87037",deboef4082@inlook.com
4249,Cesar Velasquez,1979-01-04,N,5,"",6,15,"295 Foggy End Tunnel, Van Horne, California, 79136",cesar7807@coldmail.com
4274,Randa Arisdr,1945-02-23,F,1,"",3,4,"547 Hazy Second, Arvin, Massachusetts, 39717",randa8946@woohoo.com
4296,Ali Brewer,1981-03-05,M,1,"",10,0,"P.O. Box 84763, Bolindale, Rhode Island, 95554",brewer2801@hmail.com
4316,Paul Whitaker,1977-08-11,M,3,"",2,10,"829 Broad Dale, Suwanee, Nevada, 39050",paul_whitaker9443@coldmail.com
4328,Kazuko Foster,1978-03-05,F,3,"","","","P.O. Box 49111, Franklin Park, Maryland, 33651",kazuko_foster7347@inlook.com
4349,Freddy Stofberg,1998-07-27,N,4,"",4,10,"P.O. Box 92116, Rossmoor, Ohio, 92700",stofberg8746@hmail.com
4392,Taylor Salazar,1961-06-27,F,2,"",1,14,"150 Cotton Cove, St. Paris village, Virginia, 61407",taylor_salazar8896@inlook.com
4393,Carin Wintershoven,1960-07-14,F,7,"",4,13,"P.O. Box 39823, Moscow borough, Massachusetts, 60237",carin_wintershoven3094@inlook.com
4399,Abigail Benaerde,1993-06-17,F,4,"",3,3,"99 N Ironwood, Sebewaing village, Iowa, 58957",benaerde5023@coldmail.com
4405,Cortney Kuchler,2001-04-12,F,5,"",5,16,"176 Pine Trail, Belgium village, Idaho, 57555",cortney1625@coldmail.com
4416,Charles Potter,1964-04-22,M,7,"",2,19,"650 Lazy Cove, Hopewell village, Montana, 94345",charles_potter6674@coldmail.com
4428,Junior Holman,1942-09-10,M,3,"","","","115 Dusty Park, Kinta, Vermont, 30983",holman7767@coldmail.com
4437,Kalyn Amons,1953-07-27,F,2,"",6,0,"674 Colonial Trail, Litchfield village, Iowa, 04672",kalyn276@inlook.com
4504,Benjamin Thompson,2001-04-15,N,2,"",3,5,"45 Kennedy Glen, Old Saybrook Center, Oregon, 11073",thompson8718@hmail.com
4512,Amado Herrera,1955-04-19,M,5,"",7,4,"149 Field Crest, Foxburg borough, North Carolina, 43820",amado_herrera3865@inlook.com
4532,Raphael Boyle,1972-04-29,M,7,"",10,3,"487 Noble Loaf Throughway, Adel, Wisconsin, 30429",boyle1284@woohoo.com
4550,Pok van Emmerik,1976-07-10,F,3,"",2,2,"218 Clear Rise Mill, Newcomers village, Mississippi, 23512",pok3863@hmail.com
4566,Juana van Ommeren,1993-07-07,N,1,"",7,4,"711 Rustic Hickory Terrace, Nenana, North Dakota, 70219",vanommeren8244@hmail.com
4575,Raymon Flores,1943-03-20,M,3,"",1,14,"P.O. Box 21828, South Gate Ridge, New Hampshire, 09309",raymon_flores7477@inlook.com
4581,Will Lane,1984-03-30,M,1,"",10,5,"813 Lodge Lawn, Tiro village, Connecticut, 74783",will_lane2970@coldmail.com
4615,Carry Weeks,1984-02-04,F,4,"",10,3,"68 Shady Sixth Vista, Mertzon, Nevada, 32736",weeks368@woohoo.com
4620,Seth Verweij,1974-10-13,M,4,"","","","878 Round Rose Highlands, Murrieta, Pennsylvania, 61726",verweij4231@woohoo.com
4657,Dario Schaefer,2004-12-19,N,8,"",10,14,"497 Fallen Creek, Leola, Iowa, 19285",dario309@woohoo.com
4666,Camille Weber,1996-01-09,F,7,"",4,1,"261 Misty Third Lane, Lake Lac La Belle, New Mexico, 07710",camille_weber8643@inlook.com
4668,Donny Koenen,1982-01-20,N,4,"",5,18,"681 Fallen Robin, Winnetka village, Alaska, 36005",donny390@hmail.com
4682,Shaneka Laponder,1979-07-07,F,6,"","","","805 Cinder Cliff, Marsing, Minnesota, 92873",shaneka_laponder1612@inlook.com
4704,Rosy Sanchez,1995-12-29,N,5,"",6,4,"728 Honey Trafficway, Palco, Kansas, 30672",rosy6028@inlook.com
4757,Stevie Underwood,1993-01-08,M,6,"",5,5,"88 Camp Oval, Devola, Oregon, 77874",stevie_underwood3601@coldmail.com
4783,Megan van der May,1981-06-06,F,1,"","","","972 First Gateway, Alex, Kentucky, 38726",megan3478@woohoo.com
4790,Arnoldo Kruissen,1952-07-20,M,1,"",4,9,"557 Quaking Willow Walk, Cecilia, Kentucky, 46802",arnoldo_kruissen5196@inlook.com
4802,Larisa Chung,1966-10-16,F,3,"",5,11,"709 Peavey Highway, King Cove, Florida, 55711",chung9616@hmail.com
4817,Jeannetta Arnold,2004-02-16,F,8,"",3,8,"835 Lazy Pioneer, Muscotah, South Dakota, 50615",jeannetta8522@woohoo.com
4844,Kera de Heus,1998-08-09,F,4,"",1,10,"641 Fawn Viaduct, Pine Haven, Minnesota, 94633",kera_deheus8563@coldmail.com
4855,Silvana van Leeuwen,1988-11-10,N,1,"",5,12,"418 Dewy Track, Quintana, Kansas, 95160",silvana_vanleeuwen3540@woohoo.com
4868,Maxie Willis,2000-08-10,F,2,"",10,14,"702 Easy Common, Belen, Oregon, 74473",maxie4231@inlook.com
4877,Hubert van Est,1959-03-02,M,5,"",4,1,"139 Indian Wagon Curve, Taylorsville, New Hampshire, 99256",vanest7514@woohoo.com
4890,Tegan Cochran,1970-11-08,F,5,"",8,22,"106 Sunny Nook, Vernal, Georgia, 10769",tegan130@inlook.com
4899,Ruthann Oliver,1998-05-22,F,3,"",7,21,"644 Merry Island, Green Valley, Wyoming, 91273",ruthann1124@woohoo.com
4915,Ernest Holmes,1995-03-11,M,7,"",9,26,"872 Wintergreen Harbor, Gallitzin borough, Maine, 50103",ernest_holmes505@hmail.com
4981,Brice Franklin,1946-12-01,M,4,"",5,8,"947 Panda Way, New Bedford village, Vermont, 31232",brice9741@coldmail.com
4986,Russel Vonck,1994-09-07,M,5,"",5,16,"815 Middle Timber Corner, Clawson, South Dakota, 02949",russel_vonck2834@woohoo.com
163,Glen Riley,2002-08-22,M,"",8,3,5,"P.O. Box 37267, Cornlea village, Tennessee, 19192",glen_riley4484@hmail.com
758,Mercedez Vorberg,2002-03-25,F,"",15,4,4,"284 Cedar Seventh, Virden village, Washington, 60489",mercedez6297@woohoo.com
855,Kurt Ho,2002-05-29,M,"",0,8,23,"P.O. Box 27254, Olin, New Hampshire, 60067",ho6107@inlook.com
1030,Penny Gaines,2002-03-01,N,"",15,4,16,"138 Misty Vale, Stockton borough, West Virginia, 53630",gaines2897@hmail.com
1543,Frederick Reilly,2002-11-13,M,"",7,9,21,"P.O. Box 40769, Quakervillage, Maryland, 96218",frederick_reilly6971@woohoo.com
